{
  "version": 1,
  "author": "Anonymous maker",
  "editor": "wokwi",
  "parts": [
    {
      "type": "wokwi-breadboard-half",
      "id": "bb1",
      "top": 34.5,
      "left": -361.5,
      "rotate": 90,
      "attrs": {}
    },
    {
      "type": "wokwi-arduino-nano",
      "id": "nano",
      "top": -208.2,
      "left": -276.9,
      "rotate": 90,
      "attrs": {}
    },
    {
      "type": "board-ssd1306",
      "id": "oled1",
      "top": -25.66,
      "left": -38.17,
      "attrs": { "i2cAddress": "0x3c" }
    },
    {
      "type": "wokwi-pushbutton-6mm",
      "id": "btn1",
      "top": 6,
      "left": -191.2,
      "rotate": 180,
      "attrs": { "color": "red", "xray": "1" }
    },
    {
      "type": "wokwi-pushbutton-6mm",
      "id": "btn2",
      "top": 44.4,
      "left": -191.2,
      "rotate": 180,
      "attrs": { "color": "blue", "xray": "1" }
    },
    {
      "type": "wokwi-resistor",
      "id": "r1",
      "top": 120,
      "left": -240.55,
      "rotate": 90,
      "attrs": { "value": "10000" }
    },
    {
      "type": "wokwi-slide-potentiometer",
      "id": "pot1",
      "top": 24.2,
      "left": -538.6,
      "attrs": { "travelLength": "30" }
    },
    { "type": "chip-l298n", "id": "driver1", "top": -200.58, "left": 62.4, "attrs": {} },
    {
      "type": "wokwi-led",
      "id": "led3",
      "top": -0.8,
      "left": -277,
      "rotate": 270,
      "attrs": { "color": "red" }
    },
    {
      "type": "wokwi-led",
      "id": "led4",
      "top": 47.2,
      "left": -277,
      "rotate": 270,
      "attrs": { "color": "blue" }
    },
    {
      "type": "wokwi-led",
      "id": "led1",
      "top": -186,
      "left": 215.4,
      "attrs": { "color": "yellow", "flip": "1" }
    },
    {
      "type": "wokwi-led",
      "id": "led2",
      "top": -118.8,
      "left": 225,
      "attrs": { "color": "orange", "flip": "1" }
    }
  ],
  "connections": [
    [ "oled1:VCC", "bb1:tp.1", "red", [ "v-48", "h-115.05", "v76.8" ] ],
    [ "oled1:GND", "bb1:tn.1", "black", [ "v-57.6", "h-9.6" ] ],
    [ "bb1:tn.3", "nano:GND.2", "black", [ "h38.5", "v-8" ] ],
    [ "nano:GND.1", "bb1:bn.5", "black", [ "h-105.6", "v57.6" ] ],
    [ "nano:3.3V", "bb1:tp.5", "red", [ "h-19.2", "v192", "h172.8", "v76.8" ] ],
    [ "pot1:GND", "bb1:bn.6", "black", [ "v0" ] ],
    [ "bb1:11b.j", "bb1:bn.9", "green", [ "h0" ] ],
    [ "bb1:17b.j", "pot1:SIG", "green", [ "h-297.6", "v-67.2" ] ],
    [ "nano:A0", "bb1:17b.h", "green", [ "h-9.6", "v364.8" ] ],
    [ "bb1:2t.a", "nano:6", "green", [ "h9.6", "v-172.8" ] ],
    [ "driver1:IN1", "nano:2", "green", [ "h-67.2", "v172.8" ] ],
    [ "driver1:IN3", "nano:4", "green", [ "h-86.4", "v134.4" ] ],
    [ "nano:5V", "bb1:bp.1", "red", [ "h0" ] ],
    [ "pot1:VCC", "bb1:bp.3", "red", [ "h-9.6", "v-38.4" ] ],
    [ "driver1:GND", "bb1:tn.11", "black", [ "h40.21", "v240", "h0", "v67.2" ] ],
    [ "driver1:5V", "bb1:bp.16", "red", [ "h30.61", "v364.8" ] ],
    [ "bb1:4b.f", "bb1:9b.f", "black", [ "h0" ] ],
    [ "bb1:9b.g", "bb1:bn.11", "black", [ "h0", "v38.4" ] ],
    [ "bb1:8t.a", "bb1:tp.6", "green", [ "h0" ] ],
    [ "bb1:2t.b", "bb1:3b.g", "green", [ "h0", "v-28.8", "h-67.2" ] ],
    [ "bb1:6t.a", "nano:8", "green", [ "h96", "v-249.6", "h-9.6" ] ],
    [ "bb1:6t.b", "bb1:5t.b", "green", [ "h0" ] ],
    [ "bb1:5t.b", "bb1:8b.g", "green", [ "h0" ] ],
    [ "r1:1", "bb1:11b.f", "", [ "$bb" ] ],
    [ "r1:2", "bb1:17b.f", "", [ "$bb" ] ],
    [ "led3:A", "bb1:3b.i", "", [ "$bb" ] ],
    [ "led3:C", "bb1:4b.i", "", [ "$bb" ] ],
    [ "led4:A", "bb1:8b.i", "", [ "$bb" ] ],
    [ "led4:C", "bb1:9b.i", "", [ "$bb" ] ],
    [ "btn1:1.l", "bb1:4t.c", "", [ "$bb" ] ],
    [ "btn1:2.l", "bb1:2t.c", "", [ "$bb" ] ],
    [ "btn2:1.l", "bb1:8t.c", "", [ "$bb" ] ],
    [ "btn2:2.l", "bb1:6t.c", "", [ "$bb" ] ],
    [ "bb1:tp.2", "bb1:4t.a", "green", [ "h0" ] ],
    [ "oled1:SCL", "nano:A5", "green", [ "v-57.6", "h-278.1", "v-86.4" ] ],
    [ "nano:A4", "oled1:SDA", "green", [ "h-57.6", "v105.6", "h307.2" ] ],
    [ "led1:A", "driver1:OUT1", "green", [ "v0" ] ],
    [ "driver1:OUT3", "led2:A", "green", [ "h49.81", "v76.8" ] ],
    [ "driver1:EN B", "driver1:EN A", "red", [ "h-28.8", "v-57.6" ] ],
    [ "driver1:EN B", "bb1:tp.7", "red", [ "h38.4", "v220.8" ] ],
    [ "driver1:IN2", "driver1:IN4", "green", [ "h-48", "v19.2", "h-9.6" ] ],
    [ "driver1:IN4", "bb1:tn.15", "green", [ "h19.2", "v316.8" ] ],
    [ "driver1:OUT2", "led1:C", "green", [ "h126.61" ] ],
    [ "driver1:OUT4", "led2:C", "green", [ "v28.8", "h88.21", "v38.4" ] ]
  ],
  "dependencies": { "chip-l298n": "github:drf5n/Wokwi-Chip-L298N@1.0.5" }
}